Workbook

Sheet despesa
A1: Nome do Arquivo: DESPESA – Informações referentes as Despesas do órgão.
A2: Campos que determinam a chave do registro: seq_orgao
A3: seq | B3: Nome do Campo | C3: Tamanho máximo | D3: Formato | E3: Obrigatório | F3: Conteúdo | G3: lookup liquidacao | H3: lookup desc pag
B4: seq_orgao | C4: Sempre 5 | D4: Number | E4: Sim | F4: Sequencial identificador do órgão. | G4: =VLOOKUP(B4,liquidacao!B:B,1,0) -> seq_orgao | H4: =VLOOKUP(B4,'desp pag'!B:B,1,0) -> seq_orgao | K4: =VLOOKUP(F4,liquidacao!F:F,1,0) -> #N/A | L4: =VLOOKUP(F4,'desp pag'!F:F,1,0) -> Sequencial identificador do órgão.
A5: 2. | B5: cod_municipio | C5: Sempre 7 | D5: Number | E5: Sim | F5: Código IBGE do município. | G5: =VLOOKUP(B5,liquidacao!B:B,1,0) -> #N/A | H5: =VLOOKUP(B5,'desp pag'!B:B,1,0) -> #N/A | K5: =VLOOKUP(F5,liquidacao!F:F,1,0) -> #N/A | L5: =VLOOKUP(F5,'desp pag'!F:F,1,0) -> #N/A
A6: 3. | B6: seq_unidade | C6: Sempre 5 | D6: Varchar | E6: Sim | F6: Sequencial identificador da unidade orçamentária. | G6: =VLOOKUP(B6,liquidacao!B:B,1,0) -> seq_unidade | H6: =VLOOKUP(B6,'desp pag'!B:B,1,0) -> seq_unidade | K6: =VLOOKUP(F6,liquidacao!F:F,1,0) -> #N/A | L6: =VLOOKUP(F6,'desp pag'!F:F,1,0) -> #N/A
A7: 4. | B7: cod_unidade | C7: 5 | D7: Varchar | E7: Sim | F7: Unidades orçamentárias do município | G7: =VLOOKUP(B7,liquidacao!B:B,1,0) -> #N/A | H7: =VLOOKUP(B7,'desp pag'!B:B,1,0) -> #N/A | K7: =VLOOKUP(F7,liquidacao!F:F,1,0) -> #N/A | L7: =VLOOKUP(F7,'desp pag'!F:F,1,0) -> #N/A
A8: 5. | B8: cod_subunidade | C8: 3 | D8: Varchar | E8: Sim | F8: Subunidades orçamentárias do município. Recebe -9 caso o valor seja nulo. | G8: =VLOOKUP(B8,liquidacao!B:B,1,0) -> #N/A | H8: =VLOOKUP(B8,'desp pag'!B:B,1,0) -> #N/A | K8: =VLOOKUP(F8,liquidacao!F:F,1,0) -> #N/A | L8: =VLOOKUP(F8,'desp pag'!F:F,1,0) -> #N/A
A9: 6. | B9: num_anoexercicio | C9: Sempre 4 | D9: Number | E9: Sim | F9: Número do ano de referência da informação. | G9: =VLOOKUP(B9,liquidacao!B:B,1,0) -> #N/A | H9: =VLOOKUP(B9,'desp pag'!B:B,1,0) -> #N/A | K9: =VLOOKUP(F9,liquidacao!F:F,1,0) -> #N/A | L9: =VLOOKUP(F9,'desp pag'!F:F,1,0) -> #N/A
A10: 7. | B10: num_mesexercicio | C10: 2 | D10: Number | E10: Sim | F10: Número do mês de referência da informação. | G10: =VLOOKUP(B10,liquidacao!B:B,1,0) -> #N/A | H10: =VLOOKUP(B10,'desp pag'!B:B,1,0) -> #N/A | K10: =VLOOKUP(F10,liquidacao!F:F,1,0) -> #N/A | L10: =VLOOKUP(F10,'desp pag'!F:F,1,0) -> #N/A
A11: 8. | B11: dsc_funcao | C11: 60 | D11: Varchar | E11: Sim | F11: Representa a função na qual foi destinada a previsão / execução da despesa. | G11: =VLOOKUP(B11,liquidacao!B:B,1,0) -> #N/A | H11: =VLOOKUP(B11,'desp pag'!B:B,1,0) -> #N/A | K11: =VLOOKUP(F11,liquidacao!F:F,1,0) -> #N/A | L11: =VLOOKUP(F11,'desp pag'!F:F,1,0) -> #N/A
A12: 9. | B12: dsc_subfuncao | C12: 60 | D12: Varchar | E12: Sim | F12: Representa a subfuncão na qual foi destinada a previsão / execução da despesa. | G12: =VLOOKUP(B12,liquidacao!B:B,1,0) -> #N/A | H12: =VLOOKUP(B12,'desp pag'!B:B,1,0) -> #N/A | K12: =VLOOKUP(F12,liquidacao!F:F,1,0) -> #N/A | L12: =VLOOKUP(F12,'desp pag'!F:F,1,0) -> #N/A
A13: 10. | B13: dsc_programa | C13: 210 | D13: Varchar | E13: Sim | F13: Representa o programa no qual foi destinada a previsão / execução da despesa. | G13: =VLOOKUP(B13,liquidacao!B:B,1,0) -> #N/A | H13: =VLOOKUP(B13,'desp pag'!B:B,1,0) -> #N/A | K13: =VLOOKUP(F13,liquidacao!F:F,1,0) -> #N/A | L13: =VLOOKUP(F13,'desp pag'!F:F,1,0) -> #N/A
A14: 11. | B14: dsc_acao | C14: 210 | D14: Varchar | E14: Sim | F14: Representa a ação na qual foi destinada a previsão / execução da despesa. | G14: =VLOOKUP(B14,liquidacao!B:B,1,0) -> #N/A | H14: =VLOOKUP(B14,'desp pag'!B:B,1,0) -> #N/A | K14: =VLOOKUP(F14,liquidacao!F:F,1,0) -> #N/A | L14: =VLOOKUP(F14,'desp pag'!F:F,1,0) -> #N/A
A15: 12. | B15: dsc_subacao | C15: 210 | D15: Varchar | E15: Sim | F15: Representa a subação na qual foi destinada a previsão / execução da despesa. | G15: =VLOOKUP(B15,liquidacao!B:B,1,0) -> #N/A | H15: =VLOOKUP(B15,'desp pag'!B:B,1,0) -> #N/A | K15: =VLOOKUP(F15,liquidacao!F:F,1,0) -> #N/A | L15: =VLOOKUP(F15,'desp pag'!F:F,1,0) -> #N/A
A16: 13. | B16: dsc_naturezadespesa | C16: 2000 | D16: Varchar | E16: Sim | F16: Representa a natureza da despesa na qual foi destinada a previsão / execução da despesa. | G16: =VLOOKUP(B16,liquidacao!B:B,1,0) -> #N/A | H16: =VLOOKUP(B16,'desp pag'!B:B,1,0) -> #N/A | K16: =VLOOKUP(F16,liquidacao!F:F,1,0) -> #N/A | L16: =VLOOKUP(F16,'desp pag'!F:F,1,0) -> #N/A
A17: 14. | B17: dsc_fonterecurso | C17: 210 | D17: Varchar | E17: Sim | F17: Representa a fonte de recurso na qual foi destinada a previsão / execução da despesa | G17: =VLOOKUP(B17,liquidacao!B:B,1,0) -> #N/A | H17: =VLOOKUP(B17,'desp pag'!B:B,1,0) -> #N/A | K17: =VLOOKUP(F17,liquidacao!F:F,1,0) -> #N/A | L17: =VLOOKUP(F17,'desp pag'!F:F,1,0) -> #N/A
A18: 15. | B18: dsc_codorcamentario | C18: 210 | D18: Varchar | E18: Sim | F18: Representa o código orçamentário na qual foi destinada a despesa. Inserido em 2023. | G18: =VLOOKUP(B18,liquidacao!B:B,1,0) -> #N/A | H18: =VLOOKUP(B18,'desp pag'!B:B,1,0) -> #N/A | K18: =VLOOKUP(F18,liquidacao!F:F,1,0) -> #N/A | L18: =VLOOKUP(F18,'desp pag'!F:F,1,0) -> #N/A
A19: 16. | B19: vlr_previsto | C19: 14 | D19: Number | E19: Sim | F19: Valor previsto das despesas informadas pelo município. | G19: =VLOOKUP(B19,liquidacao!B:B,1,0) -> #N/A | H19: =VLOOKUP(B19,'desp pag'!B:B,1,0) -> #N/A | K19: =VLOOKUP(F19,liquidacao!F:F,1,0) -> #N/A | L19: =VLOOKUP(F19,'desp pag'!F:F,1,0) -> #N/A
A20: 17. | B20: vlr_acrescimo | C20: 14 | D20: Number | E20: Sim | F20: Valor acrescido das despesas previstas inicialmente informadas pelo município. | G20: =VLOOKUP(B20,liquidacao!B:B,1,0) -> #N/A | H20: =VLOOKUP(B20,'desp pag'!B:B,1,0) -> #N/A | K20: =VLOOKUP(F20,liquidacao!F:F,1,0) -> #N/A | L20: =VLOOKUP(F20,'desp pag'!F:F,1,0) -> #N/A
A21: 18. | B21: vlr_reducao | C21: 14 | D21: Number | E21: Sim | F21: Valor das deduções das despesas previstas inicialmente informadas pelo município. | G21: =VLOOKUP(B21,liquidacao!B:B,1,0) -> #N/A | H21: =VLOOKUP(B21,'desp pag'!B:B,1,0) -> #N/A | K21: =VLOOKUP(F21,liquidacao!F:F,1,0) -> #N/A | L21: =VLOOKUP(F21,'desp pag'!F:F,1,0) -> #N/A
... A27: 24. | B27: num_versaoarq | C27: 3 | D27: Varchar | E27: Sim | F27: Corresponde quanto a versão do arquivo | G27: =VLOOKUP(B27,liquidacao!B:B,1,0) -> num_versaoarq | H27: =VLOOKUP(B27,'desp pag'!B:B,1,0) -> num_versaoarq | K27: =VLOOKUP(F27,liquidacao!F:F,1,0) -> Corresponde quanto a versão do arquivo | L27: =VLOOKUP(F27,'desp pag'!F:F,1,0) -> Corresponde quanto a versão do arquivo

Sheet liquidacao
A1: Nome do Arquivo: LIQUIDACAO - Informações referentes as Liquidações realizadas pelo órgão.
A2: Campos que determinam a chave do registro: seq_liquidacao
A3: seq | B3: Nome do Campo | C3: Tamanho máximo | D3: Formato | E3: Obrigatório | F3: Conteúdo | G3: lookup desc pag
B4: seq_liquidacao | D4: Number | E4: Sim | F4: Sequencial identificador da liquidação. | G4: =VLOOKUP(B4,'desp pag'!B:B,1,0) -> seq_liquidacao
A5: 2. | B5: seq_orgao | D5: Number | E5: Sim | F5: Chave identificadora do órgão. | G5: =VLOOKUP(B5,'desp pag'!B:B,1,0) -> seq_orgao
A6: 3. | B6: seq_unidade | D6: Number | E6: Sim | F6: Sequencial identificador da unidade orçamentária. | G6: =VLOOKUP(B6,'desp pag'!B:B,1,0) -> seq_unidade
A7: 4. | B7: seq_empenho | D7: Number | E7: Sim | F7: Sequencial identificador do empenho. | G7: =VLOOKUP(B7,'desp pag'!B:B,1,0) -> seq_empenho
A8: 5. | B8: seq_rsp | D8: Number | E8: Sim | F8: Sequencial identificador do resto a pagar. | G8: =VLOOKUP(B8,'desp pag'!B:B,1,0) -> seq_rsp
A9: 6. | B9: num_ano_referencia | C9: Sempre 4 | D9: Number | E9: Sim | F9: Representa o ano de referência da informação. | G9: =VLOOKUP(B9,'desp pag'!B:B,1,0) -> num_ano_referencia
A10: 7. | B10: num_mes_referencia | C10: 2 | D10: Number | E10: Sim | F10: Representa o mês de referência da informação. | G10: =VLOOKUP(B10,'desp pag'!B:B,1,0) -> num_mes_referencia
A11: 8. | B11: num_liquidacao | C11: 22 | D11: Number | E11: Sim | F11: Número da liquidação. | G11: =VLOOKUP(B11,'desp pag'!B:B,1,0) -> num_liquidacao
A12: 9. | B12: dat_liquidacao | C12: 8 | D12: Data | E12: Sim | F12: Data da liquidação. | G12: =VLOOKUP(B12,'desp pag'!B:B,1,0) -> dat_liquidacao
A13: 10. | B13: dsc_tipo_liquidacao | C13: 100 | D13: Varchar | E13: Sim | F13: Descrição do tipo de liquidação. | G13: =VLOOKUP(B13,'desp pag'!B:B,1,0) -> #N/A | H13: único que talvez possa incluir em desp pag
A14: 11. | B14: num_doc_liquidante | C14: 11 | D14: Varchar | E14: Sim | F14: Número de documento do liquidante. | G14: =VLOOKUP(B14,'desp pag'!B:B,1,0) -> #N/A
A15: 12. | B15: nom_liquidante | C15: 100 | D15: Varchar | E15: Sim | F15: Nome do liquidante. | G15: =VLOOKUP(B15,'desp pag'!B:B,1,0) -> #N/A
A16: 13. | B16: vlr_liquidacao | C16: 14 | D16: Number | E16: Sim | F16: Valor Liquidado do empenho / restos a pagar | G16: =VLOOKUP(B16,'desp pag'!B:B,1,0) -> #N/A
A17: 14. | B17: vlr_anu_liquidacao | C17: 14 | D17: Number | E17: Sim | F17: Valor anulado da liquidação. | G17: =VLOOKUP(B17,'desp pag'!B:B,1,0) -> #N/A
A18: 15. | B18: num_versaoarq | C18: 3 | D18: Varchar | E18: Sim | F18: Corresponde quanto a versão do arquivo | G18: =VLOOKUP(B18,'desp pag'!B:B,1,0) -> num_versaoarq

Sheet desp pag
A1: Nome do Arquivo: PAGAMENTO – Informações referentes aos Pagamentos realizados pelos órgãos municipais.
A2: Campos que determinam a chave do registro: seq_pagamento
A3: seq | B3: Nome do Campo | C3: Tamanho máximo | D3: Formato | E3: Obrigatório | F3: Conteúdo
B4: seq_pagamento | D4: Number | E4: Sim | F4: Sequencial identificador do pagamento.
A5: 2. | B5: seq_orgao | D5: Number | E5: Sim | F5: Sequencial identificador do órgão.
A6: 3. | B6: seq_unidade | D6: Number | E6: Sim | F6: Sequencial identificador da unidade orçamentário.
A7: 4. | B7: seq_empenho | D7: Number | E7: Sim | F7: Sequencial identificador do empenho.
A8: 5. | B8: seq_rsp | D8: Number | E8: Sim | F8: Sequencial identificador do restos a pagar.
A9: 6. | B9: seq_liquidacao | D9: Number | E9: Sim | F9: Sequencial identificador da liquidação.
A10: 7. | B10: seq_orgao_empenho | D10: Number | E10: Sim | F10: Sequencial identificador do órgão responsável pelo empenho.
A11: 8. | B11: seq_unid_empenho | D11: Number | E11: Sim | F11: Sequencial identificador da unidade orçamentária do empenho.
A12: 9. | B12: num_ano_referencia | C12: Sempre 4 | D12: Number | E12: Sim | F12: Representa o ano de referência da informação.
A13: 10. | B13: num_mes_referencia | C13: Sempre 2 | D13: Number | E13: Sim | F13: Representa o mês de referência da informação.
A14: 11. | B14: num_doc_resp | C14: Sempre 11 | D14: Varchar | E14: Sim | F14: Número do documento do responsável pelo pagamento.
A15: 12. | B15: nom_resp | C15: 100 | D15: Varchar | E15: Sim | F15: Nome do responsável pelo pagamento.
A16: 13. | B16: num_doc_credor | C16: 14 | D16: Varchar | E16: Sim | F16: Número de documento do credor do pagamento.
A17: 14. | B17: nom_credor | C17: 100 | D17: Varchar | E17: Sim | F17: Nome do credor do pagamento.
A18: 15. | B18: num_empenho | C18: 22 | D18: Number | E18: Sim | F18: Número do empenho.
A19: 16. | B19: dat_empenho | C19: 8 | D19: Data | E19: Sim | F19: Data do empenho.
A20: 17. | B20: num_liquidacao | C20: 22 | D20: Number | E20: Sim | F20: Número da liquidação.
A21: 18. | B21: dat_liquidacao | C21: 8 | D21: Data | E21: Sim | F21: Data da liquidação.
A22: 19. | B22: num_ord_pagamento | C22: 22 | D22: Number | E22: Sim | F22: Número da ordem de pagamento.
A23: 20. | B23: dat_pagamento | C23: 8 | D23: Data | E23: Sim | F23: Data do pagamento.
A24: 21. | B24: dsc_pagamento | C24: 500 | D24: Varchar | E24: Sim | F24: Descrição do pagamento.
A25: 22. | B25: dsc_tipo_pagamento | C25: 150 | D25: Varchar | E25: Sim | F25: Descrição do tipo do pagamento.
F26: 1 – Pagamento de despesa, exceto Serviço da Dívida;
F27: 2 – Pagamento de Serviço da Dívida;
F28: 3 – Pagamento de Restos a Pagar Processados e Não Processados Liquidados em Exercícios Anteriores;
F29: 4 – Pagamento de Restos a Pagar Não Processados Liquidados no Exercício Atual;
F30: 5 – Pagamento de despesa empenhada por outro órgão.
F31: 6 – Pagamento realizado por outro órgão
A32: 23. | B32: dsc_fonte_recurso | C32: 100 | D32: Varchar | E32: Sim | F32: Descrição da fonte de recurso.
A33: 24. | B33: dsc_cod_orcamentario | C33: 210 | D33: Varchar | E33: Sim | F33: Descrição do código orçamentário. Inserido em 2023.
A34: 25. | B34: vlr_pag_fonte | C34: 14 | D34: Number | E34: Sim | F34: Valor pago por fonte de recurso.
A35: 26. | B35: vlr_ret_fonte | C35: 14 | D35: Number | E35: Sim | F35: Valor retido do pagamento por fonte de recurso.
A36: 27. | B36: vlr_ant_fonte | C36: 14 | D36: Number | E36: Sim | F36: Valor antecipado do pagamento por fonte de recurso.
A37: 28. | B37: vlr_anu_fonte | C37: 14 | D37: Number | E37: Sim | F37: Valor anulado do pagamento por fonte de recurso.
A38: 29. | B38: num_versaoarq | C38: 3 | D38: Varchar | E38: Sim | F38: Corresponde quanto a versão do arquivo
